ticker,hard_stop,callback_base,callback_high,total_return,cagr,sharpe,mdd,trades,win_rate,return_mdd_ratio
PLTR,-0.03,0.03,0.07,0.05577717315530777,0.026410040767415044,0.3172808839272216,-0.6720126917153741,59,0.2711864406779661,0.08300017818552119
PLTR,-0.03,0.03,0.09,0.08258780362653732,0.038846477846597116,0.3367831175210879,-0.6643379023978376,57,0.2807017543859649,0.12431595928585112
PLTR,-0.03,0.03,0.11,0.15142940367603303,0.07006467318278609,0.3838319047214825,-0.6747995342600147,55,0.2909090909090909,0.2244065029506734
PLTR,-0.03,0.04,0.07,0.09054502453422546,0.04250665139706711,0.34269135310591076,-0.6612123991617915,58,0.27586206896551724,0.13693788054943912
PLTR,-0.03,0.04,0.09,0.11823149304533005,0.05513492088481842,0.36217299055634156,-0.6532845522568108,56,0.2857142857142857,0.18098008384997355
PLTR,-0.03,0.04,0.11,0.16478342870998383,0.07600706017467895,0.39353577511194016,-0.664091031850542,54,0.2962962962962963,0.2481337961315361
PLTR,-0.03,0.05,0.07,0.3114653150014877,0.13908007977505665,0.4864473035815109,-0.6188701873007738,54,0.2777777777777778,0.5032805286031885
PLTR,-0.03,0.05,0.09,0.34441281236219407,0.15273503505641806,0.5056335657719295,-0.6188701873007738,52,0.28846153846153844,0.5565186680980123
PLTR,-0.03,0.05,0.11,0.400334982088089,0.17551943132618497,0.5368741945487701,-0.6188701873007738,50,0.3,0.6468803802525461
PLTR,-0.03,0.06,0.07,0.41585621009635926,0.18175904194422077,0.5450491218873291,-0.6188701873007738,53,0.2830188679245283,0.6719603216146703
PLTR,-0.03,0.06,0.09,0.45142825758600236,0.19592640082447987,0.5643348336962701,-0.6188701873007738,51,0.29411764705882354,0.7294393345314049
PLTR,-0.03,0.06,0.11,0.400334982088089,0.17551943132618497,0.5368741945487701,-0.6188701873007738,50,0.3,0.6468803802525461
PLTR,-0.03,0.08,0.07,0.062146050256729125,0.029379049618829534,0.32178887059982453,-0.7021807880533099,53,0.2641509433962264,0.0885043443427435
PLTR,-0.03,0.08,0.09,0.08884003245544433,0.041723558249674664,0.3410785180763618,-0.6952114086585516,51,0.27450980392156865,0.12778851346364703
PLTR,-0.03,0.08,0.11,0.06056499007177353,0.0286428648085435,0.32192519967527455,-0.704724447969534,50,0.28,0.08594137786233268
PLTR,-0.04,0.03,0.07,0.06404164947414398,0.030260942010643,0.32352835454445644,-0.6890181603357408,54,0.2962962962962963,0.09294624316278997
PLTR,-0.04,0.03,0.09,0.09200977418279647,0.04317889456888513,0.3435740098728622,-0.6814659458906227,54,0.3148148148148148,0.13501742051475057
PLTR,-0.04,0.03,0.11,0.01495341527223587,0.0071538768407570785,0.2884174286827944,-0.6913947065929854,51,0.3137254901960784,0.021627899562498012
PLTR,-0.04,0.04,0.07,0.27672556390571595,0.12448779619722794,0.4646335909259271,-0.6387202057721395,51,0.3137254901960784,0.4332500544133976
PLTR,-0.04,0.04,0.09,0.31026911332082746,0.1385809837580465,0.4847472895882061,-0.6387202057721395,51,0.3333333333333333,0.48576686711476064
PLTR,-0.04,0.04,0.11,0.2178270072979927,0.0992680640220609,0.42885247886716654,-0.6387202057721395,48,0.3333333333333333,0.34103666257851484
PLTR,-0.04,0.05,0.07,0.35432745775699614,0.1568099946427144,0.5112513614675661,-0.63052604650431,49,0.30612244897959184,0.5619553065593684
PLTR,-0.04,0.05,0.09,0.38954594574975965,0.17116098327038753,0.5310268954530298,-0.63052604650431,49,0.32653061224489793,0.6178110292341379
PLTR,-0.04,0.05,0.11,0.29147558765745163,0.13070837727914508,0.4753326622446178,-0.63052604650431,46,0.32608695652173914,0.46227366700141426
PLTR,-0.04,0.06,0.07,0.37197998988246916,0.16402706222819763,0.5212083511133422,-0.63052604650431,49,0.30612244897959184,0.5899518218870701
PLTR,-0.04,0.06,0.09,0.407655584549427,0.17846680450663244,0.5409930506155401,-0.63052604650431,49,0.32653061224489793,0.6465325053730996
PLTR,-0.04,0.06,0.11,0.29147558765745163,0.13070837727914508,0.4753326622446178,-0.63052604650431,46,0.32608695652173914,0.46227366700141426
PLTR,-0.04,0.08,0.07,0.16872752046537398,0.07775535451231907,0.3981099193630611,-0.6807856198573853,49,0.30612244897959184,0.247842368498794
PLTR,-0.04,0.08,0.09,0.022870088898658752,0.010919128426936098,0.29486165188919017,-0.7129318510340187,50,0.3,0.032078927130957245
PLTR,-0.04,0.08,0.11,-0.046988942181587216,-0.022849383056368633,0.24217594897253464,-0.7218911272108187,47,0.2978723404255319,0.06509145272797448
PLTR,-0.05,0.03,0.07,-0.12591430582523347,-0.06258792078365993,0.16056391659418687,-0.7498174185398747,45,0.28888888888888886,0.16792662148397056
PLTR,-0.05,0.03,0.09,-0.10469135845518113,-0.05172501576421007,0.17938128743722745,-0.7437422565470803,46,0.30434782608695654,0.14076295589445773
PLTR,-0.05,0.03,0.11,-0.15252255013275146,-0.07640281861019738,0.1393471708379965,-0.7517290053906299,42,0.30952380952380953,0.20289565659834335
PLTR,-0.05,0.04,0.07,-0.08811773096990586,-0.04333459831978337,0.1931643325546834,-0.7390012193616214,44,0.29545454545454547,0.11923895206292819
PLTR,-0.05,0.04,0.09,-0.065981791826725,-0.03225092864739776,0.2120284175267593,-0.7326626769929246,45,0.3111111111111111,0.09005753111040785
PLTR,-0.05,0.04,0.11,-0.11588872400188446,-0.057439471089912875,0.17166829153592883,-0.7409960623262647,41,0.3170731707317073,0.15639587022644394
PLTR,-0.05,0.05,0.07,0.02954073429632187,0.014080014558470966,0.2910474579008641,-0.7173189679096895,41,0.2926829268292683,0.041182145764812744
PLTR,-0.05,0.05,0.09,0.12909243243551255,0.06004434746208398,0.36322523080470004,-0.7173189679096895,41,0.3170731707317073,0.17996517338959492
PLTR,-0.05,0.05,0.11,0.06866918445444108,0.0324103930889823,0.3219151257312199,-0.7173189679096895,37,0.32432432432432434,0.09573033410024999
PLTR,-0.05,0.06,0.07,0.04295851708745956,0.020405953769892182,0.30114399461480945,-0.7173189679096895,41,0.2926829268292683,0.059887607897283486
PLTR,-0.05,0.06,0.09,0.14380622582769395,0.06665637875398711,0.3733664211264868,-0.7173189679096895,41,0.3170731707317073,0.20047737793237771
PLTR,-0.05,0.06,0.11,0.06866918445444108,0.0324103930889823,0.3219151257312199,-0.7173189679096895,37,0.32432432432432434,0.09573033410024999
PLTR,-0.05,0.08,0.07,0.02831926110124588,0.01350201718936872,0.29012343824615056,-0.7173189679096895,41,0.2926829268292683,0.03947931445862906
PLTR,-0.05,0.08,0.09,-0.04583257680034637,-0.02228013566972209,0.23004019684844154,-0.7478367211630853,41,0.2926829268292683,0.061286876537788235
PLTR,-0.05,0.08,0.11,-0.09466610261535645,-0.046640169781475116,0.19154604053630153,-0.7557069548296186,37,0.2972972972972973,0.1252682696782906
PLTR,-0.06,0.03,0.07,0.14185234810304642,0.06578090799316705,0.37346371381676674,-0.693241015986405,39,0.3333333333333333,0.20462197826135012
PLTR,-0.06,0.03,0.09,0.16957934148216247,0.07813253768338235,0.39218852388469577,-0.6857917493743293,40,0.35,0.247275272175373
PLTR,-0.06,0.03,0.11,0.03907990839290619,0.018581715827614476,0.30086792057281064,-0.695584798682453,38,0.34210526315789475,0.05618280972633341
PLTR,-0.06,0.04,0.07,0.22073214660310744,0.10052668584787905,0.42671130247073624,-0.6720673790643152,38,0.34210526315789475,0.3284375249851011
PLTR,-0.06,0.04,0.09,0.2503727461771965,0.11328022854849795,0.44537491561480447,-0.6641046710800788,39,0.358974358974359,0.37700795835391165
PLTR,-0.06,0.04,0.11,0.11085100214195251,0.05178459119341827,0.3542122380871812,-0.6745727971020189,37,0.35135135135135137,0.16432770876348868
PLTR,-0.06,0.05,0.07,0.4765054054131508,0.2058057633846484,0.5749704011118203,-0.6499463829075074,34,0.35294117647058826,0.7331457146996099
PLTR,-0.06,0.05,0.09,0.6192947509732246,0.26046712089238566,0.6469235550204729,-0.6499463829075074,34,0.38235294117647056,0.9528397530313747
PLTR,-0.06,0.05,0.11,0.43848159486579896,0.19079121593554071,0.5548489095978792,-0.6499463829075074,32,0.375,0.6746427188413147
PLTR,-0.06,0.06,0.07,0.4957469660019875,0.2133271563865491,0.585045224451796,-0.6499463829075074,34,0.35294117647058826,0.7627505576449007
PLTR,-0.06,0.06,0.09,0.6403974280800819,0.2683295876252172,0.6570458160618508,-0.6499463829075074,34,0.38235294117647056,0.9853080883615221
PLTR,-0.06,0.06,0.11,0.43848159486579896,0.19079121593554071,0.5548489095978792,-0.6499463829075074,32,0.375,0.6746427188413147
PLTR,-0.06,0.08,0.07,0.3149469147439003,0.14053137661067838,0.48581122974878166,-0.6499463829075074,34,0.35294117647058826,0.4845736864247151
PLTR,-0.06,0.08,0.09,0.22013739704608917,0.10026914353478422,0.42737364010489626,-0.6605473321735484,34,0.35294117647058826,0.33326513683996156
PLTR,-0.06,0.08,0.11,0.21862095889902114,0.09961219023197865,0.4258423155105819,-0.6711424411256903,32,0.34375,0.3257444999787731
PLTR,-0.08,0.03,0.07,-0.00316047527217865,-0.0015191084645377328,0.26739593878588036,-0.7185432582413275,37,0.40540540540540543,0.00439844816012063
PLTR,-0.08,0.03,0.09,0.02103607360267639,0.010048203630656172,0.2860637693116667,-0.7117120133956518,38,0.42105263157894735,0.029557002280052997
PLTR,-0.08,0.03,0.11,-0.09293747359895706,-0.04576636623835084,0.1952210979953247,-0.7207068474919676,36,0.4166666666666667,0.12895322685274316
PLTR,-0.08,0.04,0.07,0.14933894484758378,0.06913120688642316,0.3793220786881948,-0.6754857074471688,36,0.4166666666666667,0.2210837967423077
PLTR,-0.08,0.04,0.09,0.17724213816690446,0.0815191963717492,0.3979949617152789,-0.6676081046923363,37,0.43243243243243246,0.26548829608440055
PLTR,-0.08,0.04,0.11,0.04582710048913956,0.021752876281422084,0.30685675220852265,-0.6779797074158563,35,0.42857142857142855,0.06759361672314822
PLTR,-0.08,0.05,0.07,0.26343297014808653,0.11884978590802509,0.45445185196825894,-0.6498830119495651,32,0.40625,0.4053544488843025
PLTR,-0.08,0.05,0.09,0.3856037478718758,0.16956406788316025,0.5258235297374523,-0.6413844500184944,32,0.4375,0.6012053267907521
PLTR,-0.08,0.05,0.11,0.2308713368420601,0.10490723208289965,0.4346794002033443,-0.6525747325291381,30,0.43333333333333335,0.3537852836368461
PLTR,-0.08,0.06,0.07,0.13211863613700867,0.061407893438927275,0.37107759365795695,-0.6498830119495651,32,0.40625,0.20329602975875585
PLTR,-0.08,0.06,0.09,0.24158923800039292,0.10951746273048912,0.4418465662893558,-0.6413844500184944,32,0.4375,0.3766683741606561
PLTR,-0.08,0.06,0.11,0.2308713368420601,0.10490723208289965,0.4346794002033443,-0.6525747325291381,30,0.43333333333333335,0.3537852836368461
PLTR,-0.08,0.08,0.07,0.06652301117229462,0.031414116417681104,0.32534308602978995,-0.6650223676660973,32,0.40625,0.10003123865706622
PLTR,-0.08,0.08,0.09,0.08719437051391601,0.04096711043013057,0.33874219419166685,-0.6810783918606492,30,0.4,0.1280239860138688
PLTR,-0.08,0.08,0.11,0.09462349991512299,0.04437729419858849,0.3432862004244675,-0.691031486713919,28,0.39285714285714285,0.13693080812437175
NVDA,-0.03,0.03,0.07,3.4085523164963734,0.28079853599214855,0.7488880454907199,-0.483155880246335,97,0.32989690721649484,7.054767324281632
NVDA,-0.03,0.03,0.09,2.9276160226826673,0.2563539719143968,0.7043920925445329,-0.4839683913942692,96,0.3229166666666667,6.0491884898690795
NVDA,-0.03,0.03,0.11,2.7680650961337108,0.24769232109321804,0.6856856239857582,-0.5027488475457131,90,0.3,5.5058606492022255
NVDA,-0.03,0.04,0.07,3.4456977165675164,0.2825925099948665,0.7456177812052976,-0.553789405009195,97,0.30927835051546393,6.222036184513686
NVDA,-0.03,0.04,0.09,2.961604442046642,0.25816114306533056,0.702064651119389,-0.5691505354703305,96,0.3020833333333333,5.203552061317579
NVDA,-0.03,0.04,0.11,3.3779705397315043,0.27931208137906216,0.7385520897751274,-0.5634509444280954,89,0.29213483146067415,5.995145758714019
NVDA,-0.03,0.05,0.07,3.176657026199817,0.26930517252765895,0.7254471472573862,-0.4831556496764613,91,0.3076923076923077,6.574810888224163
NVDA,-0.03,0.05,0.09,2.732909644617556,0.24574282803692138,0.6824704936138886,-0.48854360586365886,90,0.3,5.593993272691092
NVDA,-0.03,0.05,0.11,2.9228996954655657,0.25610217533324287,0.6995263993077026,-0.5071510532191456,83,0.2891566265060241,5.763371044804966
NVDA,-0.03,0.06,0.07,2.7185438320472244,0.2449417883933347,0.6774425454807917,-0.5658393662500797,91,0.2857142857142857,4.804444501738202
NVDA,-0.03,0.06,0.09,2.2683342511889935,0.21842677249891707,0.6280924795129331,-0.5807872492708065,89,0.2696629213483146,3.905619921988553
NVDA,-0.03,0.06,0.11,2.3866670566861643,0.2256772523646864,0.6402248308809888,-0.5960380161430805,83,0.27710843373493976,4.00421951628206
NVDA,-0.03,0.08,0.07,4.0761734901502145,0.311284401950652,0.7895605237790158,-0.5525961224459581,85,0.2823529411764706,7.376406247853918
NVDA,-0.03,0.08,0.09,3.3811744715287695,0.27946821632238383,0.7345012259543746,-0.5679984315560005,84,0.2619047619047619,5.9527883946197315
NVDA,-0.03,0.08,0.11,3.4659385341017273,0.28356480968809294,0.7394682178413486,-0.5837142293795526,78,0.2692307692307692,5.937731786641174
NVDA,-0.04,0.03,0.07,1.815428940152645,0.1884819258118513,0.5729928411995909,-0.6208287076151424,89,0.34831460674157305,2.924202630909985
NVDA,-0.04,0.03,0.09,1.719023042847156,0.18159414182912448,0.5594540602680094,-0.6338812889924414,89,0.34831460674157305,2.7119005919539836
NVDA,-0.04,0.03,0.11,1.530356705222607,0.1675040108019017,0.5302516658419101,-0.6290333956128413,82,0.3170731707317073,2.432870362521283
NVDA,-0.04,0.04,0.07,2.840365598583221,0.25165447190860823,0.6900473441316793,-0.6515151211001502,85,0.3411764705882353,4.359631122278439
NVDA,-0.04,0.04,0.09,2.7096626998529416,0.24444528463275783,0.6770372473928349,-0.6635119609869645,85,0.3411764705882353,4.083818919891598
NVDA,-0.04,0.04,0.11,3.4108655651340483,0.2809106236441885,0.7427536843901955,-0.6590582338514871,77,0.33766233766233766,5.175362949645898
NVDA,-0.04,0.05,0.07,3.299212823723792,0.2754437748330496,0.734011098911257,-0.5728241121231957,81,0.345679012345679,5.759556474491142
NVDA,-0.04,0.05,0.09,3.0830085294914222,0.2645125044878569,0.7143405377247731,-0.5875281202015007,80,0.3375,5.247422929193692
NVDA,-0.04,0.05,0.11,3.387263422070505,0.279764682832377,0.7402371975119512,-0.6025314908273549,72,0.3333333333333333,5.621720148467838
NVDA,-0.04,0.06,0.07,2.694549886735678,0.24359811473228787,0.6751332800008748,-0.6302424768274911,78,0.32051282051282054,4.2754177730125065
NVDA,-0.04,0.06,0.09,2.694141269740342,0.24357516907495436,0.6757050804201695,-0.6429715035718996,76,0.3157894736842105,4.190141016784693
NVDA,-0.04,0.06,0.11,2.6392802671797284,0.24047510340081435,0.6681161504867733,-0.6559583334156707,70,0.32857142857142857,4.023548650470849
NVDA,-0.04,0.08,0.07,3.6990166258204003,0.2945044308020581,0.7603822353386213,-0.6443843747492658,73,0.3150684931506849,5.740388455663147
NVDA,-0.04,0.08,0.09,3.5884062437462805,0.28937064558093306,0.7518620727008155,-0.6566260255328326,71,0.30985915492957744,5.464916260110761
NVDA,-0.04,0.08,0.11,3.2758169011919525,0.27428327568376987,0.7228241781723544,-0.669115841267116,65,0.3230769230769231,4.895739570279016
NVDA,-0.05,0.03,0.07,3.7889655604770165,0.29860553963481795,0.7674438838091777,-0.6285478247009058,78,0.3974358974358974,6.028126121158711
NVDA,-0.05,0.03,0.09,3.624966453901049,0.2910788237450954,0.7547689212491638,-0.6413349823720044,78,0.3974358974358974,5.652220062117863
NVDA,-0.05,0.03,0.11,3.447944585744619,0.28270062368294924,0.741944348487236,-0.6365874126437078,72,0.375,5.416294003404058
NVDA,-0.05,0.04,0.07,3.0038957714357353,0.2603918313557432,0.69935634838812,-0.6586106636236998,76,0.39473684210526316,4.560958298045452
NVDA,-0.05,0.04,0.09,2.8676805623187995,0.25313519858021727,0.6866741489386067,-0.6703615230160267,76,0.39473684210526316,4.277811992276652
NVDA,-0.05,0.04,0.11,2.8124434759483328,0.25013173397895594,0.6830440767397611,-0.6659986520355224,71,0.38028169014084506,4.222896649043555
NVDA,-0.05,0.05,0.07,3.181605723871468,0.2695559332092168,0.7158379162157567,-0.6095234865071538,72,0.4027777777777778,5.219824656968532
NVDA,-0.05,0.05,0.09,3.200551608403442,0.2705136805676567,0.7183723176832183,-0.6229653351293346,70,0.4,5.137607869848764
NVDA,-0.05,0.05,0.11,2.4253690802156926,0.22800279738185925,0.6416999418127853,-0.6483074895789592,66,0.3787878787878788,3.741078298803611
NVDA,-0.05,0.06,0.07,2.8632754650712013,0.25289699157173917,0.6853817506949191,-0.6568044637975415,68,0.38235294117647056,4.3594031753624005
NVDA,-0.05,0.06,0.09,3.085785459640025,0.26465593129419474,0.7075975310269187,-0.6686193625563573,65,0.38461538461538464,4.615160182980682
NVDA,-0.05,0.06,0.11,2.0545932726531033,0.20475696551298816,0.5978731060202697,-0.6908916034611203,63,0.38095238095238093,2.9738286908689067
NVDA,-0.05,0.08,0.07,4.187559433021545,0.3160410502201785,0.7882444983777859,-0.6463456390275096,64,0.375,6.478823682205296
NVDA,-0.05,0.08,0.09,4.357801429861067,0.32314922652406297,0.8012662837396451,-0.6585198734613268,61,0.3770491803278688,6.617570107573966
NVDA,-0.05,0.08,0.11,2.8266516447505965,0.2509077358520342,0.677525561279927,-0.6814714674734087,59,0.3728813559322034,4.1478649945984625
NVDA,-0.06,0.03,0.07,3.546204799071072,0.28738473814674914,0.7497945099695814,-0.6471006943248332,70,0.44285714285714284,5.4801437089649285
NVDA,-0.06,0.03,0.09,3.390544707328557,0.2799243040686681,0.7370307288129302,-0.6592458010310622,70,0.44285714285714284,5.143066064320373
NVDA,-0.06,0.03,0.11,3.372668712493658,0.27905350193691225,0.7348613340113019,-0.6547265622045574,65,0.4153846153846154,5.151262996169581
NVDA,-0.06,0.04,0.07,2.8680929822840677,0.25315748874441524,0.6881806685107219,-0.6756592611452054,68,0.4411764705882353,4.244880736812232
NVDA,-0.06,0.04,0.09,2.7364957935986505,0.2459423915081187,0.6754070645394437,-0.6868228247094671,68,0.4411764705882353,3.9842819649393793
NVDA,-0.06,0.04,0.11,2.6976819340834615,0.24377392290525624,0.6710400542015872,-0.6826710821193241,64,0.421875,3.9516569615174255
NVDA,-0.06,0.05,0.07,2.782414337230443,0.248483683950945,0.6797246280879466,-0.6373594819204021,66,0.4393939393939394,4.365533762590089
NVDA,-0.06,0.05,0.09,2.5634285308701976,0.23612412868880184,0.6573133126878234,-0.649840779705295,64,0.4375,3.944702473169999
NVDA,-0.06,0.05,0.11,2.354717779435873,0.22374072549527368,0.6337422271194841,-0.6625767819344766,60,0.4166666666666667,3.5538791029787933
NVDA,-0.06,0.06,0.07,2.004118569802761,0.20141289773521165,0.5917725185790609,-0.6812710601740939,63,0.4126984126984127,2.9417344827338225
NVDA,-0.06,0.06,0.09,1.979727257997035,0.19978011004419916,0.5890392501437498,-0.6922407550987194,60,0.4166666666666667,2.85988255302118
NVDA,-0.06,0.06,0.11,1.5717884974298482,0.17067148319024383,0.5327567429224008,-0.7034354893885335,58,0.41379310344827586,2.2344458321204934
NVDA,-0.06,0.08,0.07,3.136021471082927,0.26723666953476277,0.7072373091938802,-0.6715128434043639,58,0.41379310344827586,4.670084127035101
NVDA,-0.06,0.08,0.09,2.787636373116493,0.2487710593078727,0.6745503203021906,-0.6828182994603195,56,0.4107142857142857,4.082544910292771
NVDA,-0.06,0.08,0.11,2.2222681603090777,0.2155449679604302,0.6138928088575641,-0.6943564323831256,54,0.4074074074074074,3.2004717702145444
NVDA,-0.08,0.03,0.07,3.8783803456366055,0.3026191715086055,0.7729158042452824,-0.6639597988323724,58,0.5172413793103449,5.8412879099865
NVDA,-0.08,0.03,0.09,3.7462629782383425,0.29666664453690417,0.7632275312032737,-0.6731227650544933,58,0.5172413793103449,5.565497369465821
NVDA,-0.08,0.03,0.11,3.81978978051877,0.2999961698959084,0.7681664391211359,-0.6667391080129845,52,0.5,5.729062139316389
NVDA,-0.08,0.04,0.07,3.3454725746254903,0.27772297702671955,0.7291292129830335,-0.6911460967117873,56,0.5178571428571429,4.840470908454795
NVDA,-0.08,0.04,0.09,3.228745179330347,0.2719322728461142,0.7194372412385122,-0.6995646165709343,56,0.5178571428571429,4.615363760329578
NVDA,-0.08,0.04,0.11,3.267003283619404,0.27384472491768497,0.7222129406699781,-0.6937000312500927,51,0.5098039215686274,4.709533136004118
NVDA,-0.08,0.05,0.07,2.6622063202388264,0.24177530449290918,0.6656087664711942,-0.6490955586533877,55,0.509090909090909,4.101408929313634
NVDA,-0.08,0.05,0.09,2.563907062656162,0.23615181888758796,0.6557890780943001,-0.6586602933800297,55,0.509090909090909,3.892609116452166
NVDA,-0.08,0.05,0.11,2.575773387490035,0.23683747385978204,0.656327923306887,-0.6690444756077142,50,0.5,3.849928489657401
NVDA,-0.08,0.06,0.07,4.08828599716091,0.31180584722008997,0.7834972213411732,-0.6788733577342403,50,0.48,6.02216297131719
NVDA,-0.08,0.06,0.09,3.5668803486804945,0.2883595945734412,0.7433368838706351,-0.6876265229070678,49,0.46938775510204084,5.187234974010093
NVDA,-0.08,0.06,0.11,3.47235991938305,0.28387250391260976,0.7349982763497213,-0.6971296805003507,45,0.4888888888888889,4.980938290980286
NVDA,-0.08,0.08,0.07,4.577145057630061,0.33203520457776725,0.8122001640883083,-0.6577551911358828,47,0.5106382978723404,6.958736501532968
NVDA,-0.08,0.08,0.09,4.21123589555597,0.31704115264263955,0.7876443573690907,-0.6670836000330481,46,0.5,6.312905751763857
NVDA,-0.08,0.08,0.11,3.8267962251958867,0.3003112306945317,0.7587119775986505,-0.6772111912967976,42,0.5238095238095238,5.650816575945712
TSLA,-0.03,0.03,0.07,0.49470386016368867,0.06934814111859655,0.3471852866229478,-0.8004464283315875,113,0.26548672566371684,0.618034939820802
TSLA,-0.03,0.03,0.09,0.6784513788022996,0.09023233407733922,0.3867383309679793,-0.7984171189296598,107,0.27102803738317754,0.8497455311476992
TSLA,-0.03,0.03,0.11,0.40250070333671567,0.05805008902657449,0.3286316101548322,-0.8097940373626052,104,0.27884615384615385,0.49704083355270007
TSLA,-0.03,0.04,0.07,1.3238075238437652,0.15103663921717625,0.4935144794621564,-0.7818573738639965,106,0.2641509433962264,1.6931573047669952
TSLA,-0.03,0.04,0.09,1.835913234070778,0.1899200687444993,0.5576354147888805,-0.7796331249525461,98,0.2653061224489796,2.354842521836825
TSLA,-0.03,0.04,0.11,1.4704551440458298,0.16284724116922478,0.5134726263578934,-0.7832080760004212,94,0.2765957446808511,1.8774769937957574
TSLA,-0.03,0.05,0.07,1.2709447000236511,0.1466266368628968,0.48605732235803645,-0.7792873162072228,108,0.25925925925925924,1.6309064366777017
TSLA,-0.03,0.05,0.09,1.921433669336319,0.19583227349085353,0.5670593989126217,-0.7649591095297128,98,0.2653061224489796,2.5118122595044228
TSLA,-0.03,0.05,0.11,1.4895371407165527,0.16434079857923534,0.515930802904126,-0.7738179421921076,94,0.2765957446808511,1.9249193634576658
TSLA,-0.03,0.06,0.07,0.9857356470060349,0.12124097195395134,0.4431649782836438,-0.7792876665672488,107,0.2616822429906542,1.264918834591835
TSLA,-0.03,0.06,0.09,1.5546123745822906,0.1693635605373538,0.524270594295724,-0.7649555186181883,97,0.26804123711340205,2.0322912074554798
TSLA,-0.03,0.06,0.11,1.176957948800087,0.13857019318624308,0.47359583090103563,-0.7738183123153433,93,0.27956989247311825,1.5209745363591989
TSLA,-0.03,0.08,0.07,1.0962196315412522,0.13141456954035946,0.4608320521273739,-0.7802964873710957,105,0.2571428571428571,1.4048757738671056
TSLA,-0.03,0.08,0.09,2.995020355119705,0.2599253239890009,0.6639537906926202,-0.7849008655033369,96,0.2604166666666667,3.8157944356438884
TSLA,-0.03,0.08,0.11,2.4041404851465225,0.2267299308867352,0.6137927217015567,-0.7930245017776194,92,0.2717391304347826,3.0316093383716076
TSLA,-0.04,0.03,0.07,0.33158657331180574,0.04893163055370531,0.3083560428232282,-0.8440158731915989,100,0.29,0.3928676981606159
TSLA,-0.04,0.03,0.09,0.5398444077272415,0.07466895059453282,0.35806431024651747,-0.8274152926319667,96,0.2916666666666667,0.6524467368859276
TSLA,-0.04,0.03,0.11,0.2674825337076187,0.040333731194812206,0.29467675886633476,-0.8329883735762452,94,0.2978723404255319,0.3211119652957983
TSLA,-0.04,0.04,0.07,1.369713485841751,0.15479897609929893,0.5003811354005525,-0.8313742031480998,93,0.2903225806451613,1.6475294526281472
TSLA,-0.04,0.04,0.09,1.9062953808116914,0.19479633007523134,0.5664024558031804,-0.8134199294994033,88,0.2840909090909091,2.343556276012155
TSLA,-0.04,0.04,0.11,1.425951038338661,0.15932617275700545,0.5081565045441981,-0.8168996579082926,85,0.29411764705882354,1.7455644944078827
TSLA,-0.04,0.05,0.07,1.2189044764604569,0.14220090674386254,0.4789393993902076,-0.840058415524232,95,0.28421052631578947,1.4509758535063408
TSLA,-0.04,0.05,0.09,1.9947005174827577,0.2007837541322801,0.575944898618964,-0.8052759589572244,88,0.2840909090909091,2.4770396971315947
TSLA,-0.04,0.05,0.11,1.444853482416153,0.1608282138428856,0.5106572398485516,-0.8130830657399639,85,0.29411764705882354,1.7770059952007888
TSLA,-0.04,0.06,0.07,0.9402955460176468,0.11691940599436834,0.43583694586284205,-0.8400572978613051,94,0.2872340425531915,1.1193231085683528
TSLA,-0.04,0.06,0.09,1.6185406843652725,0.17419504684644327,0.5327789599776775,-0.8052765552463639,87,0.28735632183908044,2.0099190443587434
TSLA,-0.04,0.06,0.11,1.1378583338575363,0.1351330228799441,0.4680361308043835,-0.8130849730106403,84,0.2976190476190476,1.3994334806660433
TSLA,-0.04,0.08,0.07,1.1640400609483719,0.13744033748004192,0.47141009221757146,-0.8275248041594812,91,0.2967032967032967,1.406652773545187
TSLA,-0.04,0.08,0.09,2.8829080525979998,0.2539568924023323,0.6564329978082517,-0.7980562679045031,87,0.28735632183908044,3.6124120172225425
TSLA,-0.04,0.08,0.11,2.1701188063383103,0.21224088331264412,0.5925839971176111,-0.8109894781007615,84,0.2976190476190476,2.6758902118193495
TSLA,-0.05,0.03,0.07,0.23064507672214507,0.03522766126723753,0.2845667051579846,-0.8461949672778859,90,0.3111111111111111,0.272567299075418
TSLA,-0.05,0.03,0.09,0.3163844957418442,0.046924381154775485,0.30819896204515035,-0.829815889714519,87,0.3103448275862069,0.38127071277303415
TSLA,-0.05,0.03,0.11,0.12057853297328949,0.019173013196161826,0.2561892820524895,-0.8336380629037834,85,0.3176470588235294,0.14464134777301596
TSLA,-0.05,0.04,0.07,1.0900519907455444,0.1308585595973486,0.45999236641986685,-0.8369538841053807,86,0.3023255813953488,1.3024038856223243
TSLA,-0.05,0.04,0.09,1.3707896655359268,0.15488644602165325,0.5008931484134195,-0.8195964694755332,82,0.2926829268292683,1.6725177774534667
TSLA,-0.05,0.04,0.11,1.046420614347458,0.12688568633503694,0.45390912942922446,-0.8211469544084674,79,0.3037974683544304,1.2743402490011932
TSLA,-0.05,0.05,0.07,0.9571869577684402,0.11853560896002291,0.43878894404622604,-0.8453532608764941,88,0.29545454545454547,1.1322922641547426
TSLA,-0.05,0.05,0.09,1.4428444617910385,0.16066903190787918,0.5105014678340772,-0.8117108172920467,82,0.2926829268292683,1.7775350913820767
TSLA,-0.05,0.05,0.11,1.06234555580616,0.12834384515482444,0.4565064154690584,-0.8174218305463727,79,0.3037974683544304,1.2996295377823197
TSLA,-0.05,0.06,0.07,0.9325631882925034,0.11617564465755414,0.43501033474716205,-0.8453582662145193,87,0.2988505747126437,1.1031573541813038
TSLA,-0.05,0.06,0.09,1.4123337384462356,0.1582380496962239,0.506587271319327,-0.8117122307650085,81,0.2962962962962963,1.7399438925728195
TSLA,-0.05,0.06,0.11,1.0367178316116332,0.125992614743631,0.4527841209854204,-0.8174116453759339,78,0.3076923076923077,1.2682934448956116
TSLA,-0.05,0.08,0.07,1.976850118514061,0.19958677687515292,0.5731639366296756,-0.8179508604888373,85,0.3058823529411765,2.416832372219308
TSLA,-0.05,0.08,0.09,2.7155909922914505,0.24477681827716413,0.642147437823162,-0.785660880620919,79,0.3037974683544304,3.456441652211677
TSLA,-0.05,0.08,0.11,2.1371374569396973,0.2101277953250067,0.5891476246471429,-0.7993875775880277,76,0.3157894736842105,2.6734684361596273
TSLA,-0.06,0.03,0.07,0.039747193320274356,0.006523390021819786,0.2322703719424591,-0.8511528619140822,86,0.32558139534883723,0.046698066938164806
TSLA,-0.06,0.03,0.09,0.11222315661430358,0.01790135537470494,0.2559821541337748,-0.8352929939919674,83,0.3253012048192771,0.13435184710214723
TSLA,-0.06,0.03,0.11,-0.043083583209991456,-0.007319660731749056,0.20817984043054724,-0.8372799598834488,81,0.3333333333333333,0.05145660385325451
TSLA,-0.06,0.04,0.07,0.6419730225334167,0.08624338929297304,0.38303363458705364,-0.8350443705453996,81,0.32098765432098764,0.7687891148995106
TSLA,-0.06,0.04,0.09,0.8623850517597198,0.10930947781320466,0.4241047176233851,-0.8174793918911238,77,0.3116883116883117,1.0549318555477136
TSLA,-0.06,0.04,0.11,0.6284812839889526,0.08474933582205035,0.3818723939837029,-0.8167171309087631,74,0.32432432432432434,0.7695213681750989
TSLA,-0.06,0.05,0.07,0.7781085278930664,0.10077305685701288,0.40833494376208385,-0.814334069992171,81,0.32098765432098764,0.955515133857223
TSLA,-0.06,0.05,0.09,0.9349481141958237,0.11640531034474844,0.43644391905627217,-0.8029039418256766,76,0.3157894736842105,1.1644582439960371
TSLA,-0.06,0.05,0.11,0.654935654586792,0.08766924666522002,0.3873148548300838,-0.8064151321540184,73,0.3287671232876712,0.8121569505242182
TSLA,-0.06,0.06,0.07,0.7560539584388732,0.09848356550645176,0.4047564696815991,-0.8143226932589904,80,0.325,0.9284451541109329
TSLA,-0.06,0.06,0.09,0.9107020902614593,0.11405936849837439,0.43279506781745414,-0.8029044984716314,75,0.32,1.134259543937076
TSLA,-0.06,0.06,0.11,0.6341487748823166,0.08537819619102183,0.383808249791049,-0.8064105820656894,72,0.3333333333333333,0.7863844907117792
TSLA,-0.06,0.08,0.07,1.795499016292572,0.18707431178599787,0.5525502363145316,-0.7973273585156486,78,0.3333333333333333,2.2518969117467362
TSLA,-0.06,0.08,0.09,2.0419397041244505,0.20392298607121484,0.5785825947507787,-0.7919478575992814,73,0.3287671232876712,2.5783764480585964
TSLA,-0.06,0.08,0.11,1.601864330403328,0.17294426158193565,0.5303195358294241,-0.8048505462615272,70,0.34285714285714286,1.9902630840519056
TSLA,-0.08,0.03,0.07,1.4365995439825059,0.1601735271312359,0.5084802454324772,-0.8301607947635241,70,0.4,1.7305075752122565
TSLA,-0.08,0.03,0.09,1.4764761036252976,0.16331953953380451,0.5137147301063991,-0.8238821052776834,68,0.38235294117647056,1.7920963377735486
TSLA,-0.08,0.03,0.11,0.9408290576047897,0.11697063236779526,0.43807489636276364,-0.8092910453837879,66,0.3787878787878788,1.1625348667470092
TSLA,-0.08,0.04,0.07,3.3241685764780047,0.276675860296957,0.6838027246872278,-0.7991922717590909,65,0.4,4.159410312065736
TSLA,-0.08,0.04,0.09,3.6607466643743516,0.292739699986895,0.7055292759760945,-0.7917656096800166,62,0.3709677419354839,4.623523198808549
TSLA,-0.08,0.04,0.11,2.7010502977113724,0.24396285757648273,0.6371133700113678,-0.7714930271405575,60,0.36666666666666664,3.5010689697643516
TSLA,-0.08,0.05,0.07,3.3323629295520782,0.27707913005983653,0.6842588769008352,-0.7962138559806824,65,0.4,4.185261163846071
TSLA,-0.08,0.05,0.09,4.03045152070713,0.30930667440768556,0.7282269701945054,-0.7723435353855874,61,0.3770491803278688,5.2184699373381225
TSLA,-0.08,0.05,0.11,2.9073112842082978,0.2552681384593609,0.6534406552357557,-0.7607406776206859,59,0.3728813559322034,3.821685062643537
TSLA,-0.08,0.06,0.07,3.278657520576477,0.27442445962900575,0.6801646170534802,-0.7962056078304413,64,0.40625,4.1178528364179705
TSLA,-0.08,0.06,0.09,3.9676078270988464,0.30656375323021634,0.7240366716865463,-0.7723462124304361,60,0.38333333333333336,5.137084591395212
TSLA,-0.08,0.06,0.11,2.8584840328016283,0.25263763629237657,0.6493886748695279,-0.7607484102163915,58,0.3793103448275862,3.7574630382580034
TSLA,-0.08,0.08,0.07,6.106938622400284,0.3870012250894015,0.8294048361813146,-0.7802014496568817,63,0.4126984126984127,7.827386920501114
TSLA,-0.08,0.08,0.09,7.251783564479828,0.4219934760717945,0.8714584390043174,-0.7494237931266166,59,0.3898305084745763,9.67647895755376
TSLA,-0.08,0.08,0.11,5.494371876841545,0.36630181664506334,0.8034023397077462,-0.7656477960588967,57,0.38596491228070173,7.176108786733707
NFLX,-0.03,0.03,0.07,0.7320837883186341,0.09596788398813216,0.38622786753480026,-0.6461016464357394,63,0.2857142857142857,1.13307835130466
NFLX,-0.03,0.03,0.09,0.7245665633945465,0.09517297281295711,0.3842474039548608,-0.6567293615655524,58,0.3103448275862069,1.1032955214112548
NFLX,-0.03,0.03,0.11,0.37492888343811037,0.05455144800917067,0.27951002439005984,-0.6682602127838205,58,0.29310344827586204,0.5610522312502216
NFLX,-0.03,0.04,0.07,0.8152138248329163,0.10457212305726027,0.4079754380817335,-0.6461024082842458,60,0.2833333333333333,1.2617408856248555
NFLX,-0.03,0.04,0.09,0.845251906255722,0.10760049966104202,0.415655233942441,-0.6567281731538956,54,0.2962962962962963,1.2870650914768176
NFLX,-0.03,0.04,0.11,0.47068190487670897,0.06646182067026407,0.31074905634177846,-0.6682576626328446,54,0.2777777777777778,0.7043419495143327
NFLX,-0.03,0.05,0.07,0.600129279762268,0.08157576544672995,0.3494268843421272,-0.6461008288056883,59,0.288135593220339,0.9288477169602177
NFLX,-0.03,0.05,0.09,0.639165036567688,0.0859332825400454,0.3606230411358513,-0.6567279581504104,54,0.2962962962962963,0.9732569302635049
NFLX,-0.03,0.05,0.11,0.33335810986328124,0.049164296524169426,0.2658268853947134,-0.6682573689071014,54,0.2777777777777778,0.49884688949778483
NFLX,-0.03,0.06,0.07,0.6579511212234497,0.08799960585488842,0.36581240748983584,-0.646100081891529,59,0.288135593220339,1.0183424204145362
NFLX,-0.03,0.06,0.09,0.6853779709892273,0.09098158979890125,0.37340552365232577,-0.6567254298611168,53,0.3018867924528302,1.04362940709357
NFLX,-0.03,0.06,0.11,0.3709194380016327,0.054037823660454176,0.2789605166148069,-0.6682598725805159,53,0.2830188679245283,0.5550526871669107
NFLX,-0.03,0.08,0.07,0.9353916414756774,0.11644799551188911,0.4360415351611483,-0.6461005976261206,58,0.29310344827586204,1.4477492280806727
NFLX,-0.03,0.08,0.09,1.0266011853637695,0.1250576671706276,0.4568565831344446,-0.6567273045906988,51,0.3137254901960784,1.5632077091778487
NFLX,-0.03,0.08,0.11,0.4065632784061432,0.058560742891651696,0.29205884871753657,-0.668256951441538,51,0.29411764705882354,0.6083936388976137
NFLX,-0.04,0.03,0.07,0.1714137004623413,0.026744025113642822,0.21097436454480778,-0.6676157620663192,58,0.3103448275862069,0.25675502317651017
NFLX,-0.04,0.03,0.09,0.3493615013179779,0.05125452230608918,0.27460848940097127,-0.6730683772016668,51,0.35294117647058826,0.5190579637249859
NFLX,-0.04,0.03,0.11,0.0884815084323883,0.01424401146901566,0.1799221221054483,-0.6897615780384759,50,0.34,0.12827839538991062
NFLX,-0.04,0.04,0.07,0.21311356046867372,0.03275274574881082,0.22711796653436694,-0.6676164126921041,56,0.30357142857142855,0.31921558011030937
NFLX,-0.04,0.04,0.09,0.4267093701515198,0.06107503853601459,0.30000524681033747,-0.6730670403946779,48,0.3333333333333333,0.6339775156740743
NFLX,-0.04,0.04,0.11,0.1505198233013153,0.023666037111485183,0.20517811226124366,-0.6897600874606196,47,0.3191489361702128,0.21822054658955448
NFLX,-0.04,0.05,0.07,0.1354505517539978,0.02141706389300224,0.1979833943657703,-0.6676140542683923,55,0.3090909090909091,0.20288750796660787
NFLX,-0.04,0.05,0.09,0.30535487275886536,0.04545592895495765,0.26042406247368566,-0.67307065681354,48,0.3333333333333333,0.4536743203224465
NFLX,-0.04,0.05,0.11,0.07437053882980346,0.012038640729795658,0.17536399085504892,-0.6897571707999492,47,0.3191489361702128,0.1078213347801109
NFLX,-0.04,0.06,0.07,0.08069079626846314,0.013029384858078474,0.17602682086557483,-0.6676143368242403,55,0.3090909090909091,0.12086438504646167
NFLX,-0.04,0.06,0.09,0.3421612481060028,0.05031665721149259,0.2733159497752734,-0.6730676475220082,47,0.3404255319148936,0.5083608599606843
NFLX,-0.04,0.06,0.11,0.10464008614730835,0.0167403310440839,0.18852457858819294,-0.6897592840208494,46,0.32608695652173914,0.1517052232154448
NFLX,-0.04,0.08,0.07,0.34353147103881837,0.0504954572906009,0.2750638972421802,-0.6676128458418064,53,0.32075471698113206,0.5145668978338077
NFLX,-0.04,0.08,0.09,0.6926972231235504,0.09177053715136063,0.3767543181814516,-0.6730705620952316,44,0.36363636363636365,1.029159886249106
NFLX,-0.04,0.08,0.11,0.39462709977722166,0.05705688097342332,0.2925486462054702,-0.6897616556538017,43,0.3488372093023256,0.5721209588015849
NFLX,-0.05,0.03,0.07,-0.11628674247169495,-0.02041141479337727,0.08484121293044931,-0.7211252644728678,60,0.31666666666666665,0.1612573407155536
NFLX,-0.05,0.03,0.09,-0.01301202138710022,-0.0021825134120964096,0.13387270998031714,-0.7212739578360675,55,0.34545454545454546,0.01804033161843009
NFLX,-0.05,0.03,0.11,-0.19476062620735168,-0.035490517402415045,0.04599807356685512,-0.732489454288779,53,0.33962264150943394,0.26588864190059536
NFLX,-0.05,0.04,0.07,-0.08481121870613098,-0.014675569625334117,0.10125049625371733,-0.7211242382816052,58,0.3103448275862069,0.1176097185531177
NFLX,-0.05,0.04,0.09,0.043576261535644534,0.007140794063127176,0.1596625822541383,-0.7212729149656633,52,0.3269230769230769,0.060415774156331675
NFLX,-0.05,0.04,0.11,-0.14883081800079345,-0.02652384067649194,0.07163863149479574,-0.7324904983184779,50,0.32,0.20318463972222564
NFLX,-0.05,0.05,0.07,-0.13377621746253968,-0.02367251518843727,0.07765637938400886,-0.7179876299117963,57,0.3157894736842105,0.18632106165808718
NFLX,-0.05,0.05,0.09,-0.03444324179649353,-0.005830011020026893,0.12569186701991583,-0.7181416374616212,52,0.3269230769230769,0.047961627622983
NFLX,-0.05,0.05,0.11,-0.19625534747123718,-0.03578941563538873,0.04724805893235715,-0.7294851036652018,50,0.32,0.2690327005790496
NFLX,-0.05,0.06,0.07,0.23181868470191955,0.03539228755240886,0.2176282423880405,-0.5786428405497394,56,0.32142857142857145,0.40062482149036927
NFLX,-0.05,0.06,0.09,0.48330907816886903,0.0679838751714863,0.3068133272602526,-0.578870231902628,50,0.34,0.8349178305132932
NFLX,-0.05,0.06,0.11,0.23470534706497193,0.03579665491646278,0.22066840112936043,-0.5958157012624389,48,0.3333333333333333,0.39392272907153764
NFLX,-0.05,0.08,0.07,0.02135398624229431,0.0035309689384031007,0.1549496672312187,-0.7189838096521386,54,0.3333333333333333,0.029700232405269148
NFLX,-0.05,0.08,0.09,0.24766607375335695,0.037602559926578794,0.24332018210372722,-0.7191366857655922,47,0.3617021276595745,0.34439360229507954
NFLX,-0.05,0.08,0.11,0.039656622791290286,0.006508763390102867,0.16508298693154816,-0.730438924985231,45,0.35555555555555557,0.0542914971187935
NFLX,-0.06,0.03,0.07,-0.14569437448883057,-0.02592635602031268,0.06859049533550776,-0.7235978304705207,51,0.35294117647058826,0.201347168763749
NFLX,-0.06,0.03,0.09,0.09261035986328126,0.014884794444334215,0.17342275541649774,-0.6540824327075145,49,0.3673469387755102,0.14158820850749518
NFLX,-0.06,0.03,0.11,-0.29254273349380494,-0.05609749708720979,-0.012741165878868133,-0.738027135062681,46,0.34782608695652173,0.3963847934520174
NFLX,-0.06,0.04,0.07,-0.11527331739616394,-0.02022410427960175,0.08509502351216139,-0.7236003356796312,49,0.3469387755102041,0.15930522929884372
NFLX,-0.06,0.04,0.09,0.15525123434066773,0.024367101027026994,0.19971837881987334,-0.6540825911537997,46,0.34782608695652173,0.23735723353652483
NFLX,-0.06,0.04,0.11,-0.25222401199913025,-0.04732956239616193,0.013127632277324039,-0.7380344473411056,43,0.32558139534883723,0.3417510021487616
NFLX,-0.06,0.05,0.07,-0.1905008025302887,-0.034641212568940594,0.04632675409100624,-0.7235998486558708,49,0.3469387755102041,0.2632681624853227
NFLX,-0.06,0.05,0.09,0.0569878669128418,0.00928852121837398,0.15958008090309114,-0.6540820075989471,46,0.34782608695652173,0.08712648605338817
NFLX,-0.06,0.05,0.11,-0.3017125491847992,-0.058149559077832924,-0.016120731920767305,-0.7380296838943309,43,0.32558139534883723,0.4088081492776347
NFLX,-0.06,0.06,0.07,-0.15815315638542174,-0.028310616944748013,0.06542094375370702,-0.7235963966765653,49,0.3469387755102041,0.21856542834072926
NFLX,-0.06,0.06,0.09,0.1272793362751007,0.020187155156574432,0.1899378052406008,-0.6540822036343396,45,0.35555555555555557,0.1945922631251643
NFLX,-0.06,0.06,0.11,-0.23131176494026184,-0.042936030156654925,0.027868711881319962,-0.7380268783358416,42,0.3333333333333333,0.3134191609143572
NFLX,-0.06,0.08,0.07,-0.034251741146087644,-0.005797121104261227,0.13104572846019222,-0.7410349415234914,47,0.3617021276595745,0.04622149270811657
NFLX,-0.06,0.08,0.09,0.42171638514709475,0.06045466901231333,0.29713010950739643,-0.6540821874343645,42,0.38095238095238093,0.6447452525825172
NFLX,-0.06,0.08,0.11,-0.09072275911712646,-0.01574016965131786,0.10646618734549806,-0.7545542177705107,39,0.358974358974359,0.12023358558008722
NFLX,-0.08,0.03,0.07,0.07244357929420471,0.011735610553499587,0.16757386748433792,-0.6479799256877203,41,0.4146341463414634,0.11179911046984702
NFLX,-0.08,0.03,0.09,-0.11652863283348083,-0.020456149643236277,0.08837623782672682,-0.697905192676339,40,0.425,0.1669691443140218
NFLX,-0.08,0.03,0.11,-0.17449226137542725,-0.03148242877761864,0.062023296297893694,-0.7100577917888099,37,0.43243243243243246,0.24574374564053217
NFLX,-0.08,0.04,0.07,0.008904540056228637,0.001479966043138603,0.13692201362077844,-0.6479795190234836,40,0.4,0.013742008496885725
NFLX,-0.08,0.04,0.09,-0.15144806832885743,-0.027023825989237804,0.06702221268263267,-0.6979028060772682,38,0.39473684210526316,0.2170045270058563
NFLX,-0.08,0.04,0.11,-0.18609597797966004,-0.03376690514478975,0.051709160917732755,-0.710050890643881,35,0.4,0.2620882255508565
NFLX,-0.08,0.05,0.07,0.2163236248626709,0.03320812784796412,0.22662045931320407,-0.6480842439828511,40,0.4,0.33378935974933993
NFLX,-0.08,0.05,0.09,0.0006176547698974609,0.00010301005672097574,0.14639566278764246,-0.6979055818102595,38,0.39473684210526316,0.0008850119357053423
NFLX,-0.08,0.05,0.11,-0.056401260036468504,-0.009637811189718959,0.12357233289107068,-0.7100511343077724,35,0.4,0.07943267366434671
NFLX,-0.08,0.06,0.07,-0.015363948669433594,-0.002579558864479803,0.12743152703901447,-0.6542825529035534,40,0.4,0.023482131078158774
NFLX,-0.08,0.06,0.09,0.07696558415794373,0.012446018118804192,0.17934565979719685,-0.6979086245714291,37,0.40540540540540543,0.11028031671797532
NFLX,-0.08,0.06,0.11,0.015562527252197266,0.0025794525452846884,0.15623329847159204,-0.7100591055332509,34,0.4117647058823529,0.021917227919371424
NFLX,-0.08,0.08,0.07,0.28212220251083375,0.04232866025159798,0.25103110936604006,-0.6701743429602158,38,0.42105263157894735,0.42096837259492287
NFLX,-0.08,0.08,0.09,0.4008875820579529,0.05784698249178577,0.2960762899687118,-0.7169534665146597,35,0.42857142857142855,0.5591542558637672
NFLX,-0.08,0.08,0.11,0.26417094833755494,0.03987980483923215,0.252973934304372,-0.7283371951939499,32,0.4375,0.3627041843815329
